{"coco/AP": 0.7201119327095757, "coco/AP .5": 1.0, "coco/AP .75": 0.9413185220961122, "coco/AP (M)": -1.0, "coco/AP (L)": 0.7201119327095757, "coco/AR": 0.7595238095238095, "coco/AR .5": 1.0, "coco/AR .75": 0.9523809523809523, "coco/AR (M)": -1.0, "coco/AR (L)": 0.7595238095238095, "PCK": 0.9705215419501133, "AUC": 0.1282312925170068, "NME": 0.04280036701366745, "data_time": 0.6615180174509684, "time": 0.6770461400349935}